,Economic Development,Natural Resources & Energy,War & Conflict,Social Services,Politics & Governance,"Art, Technology and Sport"
Economic Development,0.8482293423271501,0.045531197301854974,0.01011804384485666,0.01517706576728499,0.021922428330522766,0.05902192242833052
Natural Resources & Energy,0.032,0.7973333333333333,0.004,0.05733333333333333,0.06666666666666667,0.042666666666666665
War & Conflict,0.014388489208633094,0.0683453237410072,0.8201438848920863,0.025179856115107913,0.017985611510791366,0.0539568345323741
Social Services,0.0341726618705036,0.07913669064748201,0.01618705035971223,0.7607913669064749,0.08093525179856115,0.02877697841726619
Politics & Governance,0.023578363384188627,0.047156726768377254,0.005547850208044383,0.08044382801664356,0.8335644937586685,0.009708737864077669
"Art, Technology and Sport",0.0746606334841629,0.09049773755656108,0.02262443438914027,0.05429864253393665,0.01809954751131222,0.7398190045248869
